string1,string2,number,date
Explorer,Purple,2131.34,1626140999000
Ventosanzap,Steel,5639.82,1619141932000
Continental,Wood,6660.0,1627962657000
Mybuzz,Yellow,5092.26,1647243679000
Yodoo,Vinyl,2476.89,1664013829000
Ronstring,Plastic,7062.95,1633227430000
Dynabox,Indonesia,543.0,1634740509000
Skyndu,Puce,8822.42,1655979226000
Bigtax,Granite,1822.57,1643003849000
Meevee,Stone,6441.5,1624577882000
Twinte,Aluminum,6079.83,1657748880000
Aviator,Glass,4445.37,1646580385000
Realcube,Goldenrod,4323.1,1636873090000
Quinu,Rubber,358.8,1652692268000
Accent,Granite,9650.3,1653617697000
Gabtype,Indonesia,8557.43,1633848866000
Realpoint,Rubber,1351.12,1623463764000
Span,Mauv,1821.92,1630026756000
Sonsing,Crimson,5693.46,1633623101000
Ventosanzap,United States,7037.3,1658963017000
Duobam,Steel,8029.28,1620792174000
LS,Rubber,7204.19,1642281805000
Yabox,Steel,3610.62,1638042884000
900,Brass,9269.47,1643444107000
Span,Indigo,6950.54,1649529245000
Aerified,Crimson,4538.05,1624575111000
Ntag,Green,7555.24,1656730238000
Realbridge,Red,2834.53,1629037982000
Voomm,Purple,4851.41,1655479008000
Rendezvous,Maroon,6913.16,1657854033000
Diamante,Pink,8039.54,1631809980000
Jazzy,Fuscia,4120.54,1647923480000
Kazu,Stone,7974.2,1642644799000
Tres-Zap,Plastic,7248.73,1623413589000
Devpulse,Syria,7538.17,1633875171000
Skyble,Teal,1594.52,1651504266000
Kwinu,Vinyl,8987.05,1644132445000
Zontrax,Armenia,2210.1,1629192282000
Lotstring,Glass,7929.07,1661610667000
Camimbo,Russia,1988.91,1628126812000
Dabjam,China,7213.83,1637465273000
Myworks,Portugal,8355.31,1628977637000
Matsoft,Stone,263.45,1627707485000
Duobam,Indigo,886.13,1635340217000
Kare,Steel,886.34,1619715909000
Dynazzy,Green,5273.69,1656878707000
Centidel,Bosnia and Herzegovina,8670.11,1663906666000
LiveZ,Indonesia,4444.71,1631938726000
Aerified,Saudi Arabia,4023.58,1637687148000
Gabvine,Aluminum,9663.54,1650738834000
Fixflex,China,3978.83,1654005287000
Topiclounge,Granite,1699.17,1626938778000
Domainer,Vinyl,1058.74,1629499157000
Murano,Aluminum,3818.62,1634045770000
Silverado 2500,Puce,8232.07,1659686191000
Millenia,Puce,1400.39,1631417137000
Babbleblab,Mauv,7587.31,1622124690000
Dabjam,Plastic,1371.17,1634144737000
Skinder,Rubber,1937.94,1644665423000
Cardguard,Turquoise,9332.06,1629730206000
Bitwolf,Aluminum,4542.78,1656965774000
Tracker,Indonesia,8624.27,1627110965000
Gigashots,Aluminum,325.86,1656214838000
Treeflex,Wood,9217.96,1626288424000
Fix San,Stone,5168.86,1636084911000
Kwimbee,Brass,5749.78,1618377809000
Domainer,Steel,2633.92,1636887610000
Temp,Turquoise,7977.59,1648938219000
Tracker,Stone,791.07,1648027041000
Tres-Zap,Green,9754.76,1655007109000
Cardguard,Goldenrod,3327.18,1649949611000
Capri,Violet,3699.09,1653225808000
Cardify,Glass,9737.3,1617648709000
Y-find,Poland,8339.31,1659480310000
Oloo,Turkmenistan,62.73,1648534674000
Skyba,Khaki,7446.69,1653729162000
BlogXS,Aquamarine,5219.85,1650537623000
Zoolab,China,9408.69,1632114195000
Plajo,Yellow,5390.67,1644366395000
Voonte,Indonesia,9881.17,1639395079000
Yakitri,Glass,3461.22,1635544406000
Zoomlounge,Mexico,3384.97,1625022379000
Matsoft,Brass,1406.65,1651948432000
Dakota Club,Aluminum,5219.24,1640509146000
Yombu,Vinyl,3524.43,1645938149000
Livetube,Plexiglass,911.85,1623256350000
Oozz,Rubber,8954.69,1617646973000
Y-find,Brass,255.05,1640569306000
Miata MX-5,Brass,1702.68,1661668495000
Demimbu,Portugal,2148.76,1618849886000
Impreza,Steel,934.28,1642580840000
Bytecard,Puce,8495.56,1638720040000
Twimbo,Mongolia,9435.32,1630725160000
Kanoodle,Rubber,9357.72,1652413773000
Wrapsafe,Sweden,3237.09,1618511250000
Yodoo,Aquamarine,9306.19,1663114641000
Impreza,Steel,4286.1,1621831357000
Roadster,Aluminum,88.28,1655689032000
Cogilith,Steel,8159.05,1657858085000
Zoomcast,Pink,3996.97,1641049331000
Gevee,Indonesia,2794.19,1640493273000
Yodo,Yellow,5889.11,1648627027000
5 Series,Glass,2729.8,1651559063000
Tempsoft,Purple,7183.43,1621101424000
Tucson,Stone,557.1,1617566248000
Pixonyx,Vinyl,7126.41,1656620824000
GX,Wood,2332.36,1649210878000
Voltsillam,Vinyl,2903.48,1663774002000
Cardguard,Granite,105.1,1643944094000
Suburban 1500,China,1334.34,1624288938000
Zooveo,Plexiglass,1812.74,1636332453000
Meezzy,Aquamarine,7844.17,1657343075000
Jabbersphere,Vinyl,8639.79,1654525581000
Gigazoom,Vietnam,2750.64,1622958811000
Town & Country,Granite,7138.4,1658386111000
Gembucket,Teal,1776.01,1621376555000
Avenger,Sweden,9798.11,1640650715000
Wikizz,Teal,8979.59,1647959459000
Yakitri,China,6172.17,1624603436000
Zoomlounge,Indonesia,7828.63,1636044630000
370Z,Goldenrod,9509.94,1646859316000
Zoombeat,Indonesia,8503.52,1652292106000
Nitro,France,293.88,1642408529000
Roomm,Granite,1497.86,1641961440000
Overhold,Violet,209.5,1657604937000
Defender,Thailand,9368.92,1658594975000
NX,United States,3813.3,1651368595000
Duobam,Indonesia,7280.48,1634007678000
Voltsillam,Vinyl,9904.67,1651618574000
Sonair,Puce,6512.02,1621175153000
Stringtough,Japan,5401.53,1644122608000
Duobam,Indonesia,731.11,1651373213000
Kwideo,Steel,9169.9,1654809886000
Youtags,Turquoise,1549.85,1622016792000
Mydeo,Glass,5683.0,1660685942000
Pannier,Russia,2297.2,1643079038000
XJ Series,Mauv,9745.77,1639902963000
Babbleopia,China,8754.98,1641742325000
Stim,Ukraine,8015.15,1638682617000
Vagram,Wood,8609.06,1643640572000
S80,Plastic,6571.02,1622877394000
Home Ing,Ireland,5777.88,1621166599000
Sonsing,Peru,4735.29,1660640204000
Pannier,Violet,6872.41,1623608589000
Ronstring,Granite,84.03,1640459960000
MKS,United States,151.5,1623766063000
Photospace,Granite,4378.49,1656048728000
Opela,Plastic,9661.44,1621096126000
Andalax,Turquoise,9973.56,1657489736000
Konklab,Crimson,1199.76,1640104450000
Vandura 2500,Steel,4908.81,1625358492000
Tresom,France,3681.65,1626783057000
GS,Brass,2974.21,1639453493000
Toughjoyfax,Maroon,2933.61,1653916965000
Lazzy,Steel,9643.57,1626054701000
Fanoodle,Tunisia,4847.5,1633692154000
Bytecard,Plexiglass,1778.31,1645090785000
Yodel,Aquamarine,8063.49,1643332745000
Transcof,Vinyl,1018.89,1618118463000
Galaxie,Turquoise,8589.09,1642835669000
Viva,Khaki,7235.39,1656012099000
Mynte,Indigo,8802.68,1632199980000
Tresom,Steel,3199.92,1637162718000
Vinte,Blue,6677.69,1636761502000
Alphazap,Turquoise,5659.32,1622713244000
Gevee,Green,6055.26,1662134735000
Redhold,Goldenrod,3935.56,1639221372000
Transcof,Aluminum,1923.9,1647958197000
STS,Brass,9567.29,1657497588000
Tresom,Khaki,1253.83,1627227687000
Impreza,Brazil,7082.11,1651125623000
Devify,Wood,8420.1,1632386111000
Zaam-Dox,Glass,2122.92,1643995873000
Chariot,Vinyl,7980.67,1660280937000
Gabcube,Vinyl,7646.54,1638561308000
Windstar,Czech Republic,7236.66,1625093844000
Lazz,Plastic,3207.1,1620055858000
Subin,Maroon,8332.19,1637919740000
Ailane,Violet,1684.75,1654002200000
Photospace,Steel,510.86,1625952250000
S-Type,Pink,2190.0,1662896886000
Prodder,Khaki,7315.92,1631131334000
Mudo,Red,3533.46,1650848538000
Latlux,Brass,9913.63,1641851997000
Skimia,Maroon,6337.8,1655633434000
Jayo,Glass,5510.77,1649429421000
Transcof,Steel,6838.42,1624329066000
Latz,Venezuela,329.47,1651352617000
Andalax,Glass,2561.41,1633366381000
Sub-Ex,Mauv,4255.6,1634826780000
Zoolab,Portugal,3184.54,1624986151000
Avalon,Red,1130.75,1647817474000
Aerified,Violet,4634.3,1650852354000
Titan,Aquamarine,3420.75,1651402733000
Stringtough,Glass,5503.12,1660648982000
C70,Mauv,3092.89,1648326866000
Skivee,Wood,6797.49,1633450690000
Continental GT,Granite,9167.15,1657228271000
Bytecard,Indonesia,9502.71,1634844587000
Jetpulse,Stone,2532.94,1663965974000
Daltfresh,Steel,844.52,1641182437000
Duobam,Brass,2890.36,1624539689000
Sky,Brass,6961.03,1635073520000
Sub-Ex,Stone,6886.83,1629781249000
Subin,Goldenrod,4691.24,1650706962000
Wordtune,Russia,9574.01,1635453380000
Cogidoo,Stone,7417.8,1662619002000
Avamba,Plastic,3449.97,1652834946000
Yakidoo,China,9731.82,1632063943000
Range Rover,Indigo,2659.69,1641160557000
Span,France,2813.19,1625009627000
Linkbuzz,Poland,9054.72,1633412769000
Dabshots,Purple,7774.06,1623029747000
Frontier,Poland,4392.83,1653264022000
Matrix,Portugal,1340.38,1647012000000
Minyx,Brass,5409.31,1628389048000
Voonder,Brass,3273.95,1644645150000
Keylex,Orange,6448.85,1629004076000
Blazer,Red,6774.3,1651931485000
Yakijo,China,5301.42,1659163956000
Oloo,Vinyl,3690.41,1628404089000
Dabfeed,Peru,8834.32,1628574796000
Ram 1500 Club,Glass,810.73,1643842635000
Kwilith,China,6107.72,1655459411000
Lumina,China,3417.99,1661940299000
Quo Lux,Maroon,170.12,1634951353000
Mat Lam Tam,Brazil,8974.36,1621789539000
TSX,Steel,1866.04,1620099743000
Sportvan G30,Stone,8918.81,1662565338000
Flashset,Green,6734.14,1661454831000
Tagfeed,Fuscia,4594.72,1644991586000
Rendezvous,Glass,2240.56,1628618479000
Skimia,Granite,2733.48,1645827356000
Bamity,Puce,7206.16,1620287970000
Quimba,China,1487.32,1631486900000
Kanoodle,Aquamarine,2770.21,1647129548000
Bluezoom,Czech Republic,1192.54,1649431318000
Gembucket,Glass,3344.23,1646905218000
Shufflester,Red,3739.01,1633523694000
Blogtag,Red,9705.64,1625807462000
Cardify,Maroon,4768.46,1624677043000
Flexidy,Wood,3946.14,1660439054000
Temp,Green,212.64,1624508547000
Divavu,South Korea,8269.35,1640061028000
Yombu,Plastic,1000.26,1656059273000
Solara,Puce,6646.09,1640031918000
Cooper,Albania,6201.97,1650973901000
Yakitri,Vinyl,8321.88,1658341077000
Biodex,Yellow,6531.52,1663764965000
Overhold,Plexiglass,2756.67,1641284676000
Grand Caravan,Violet,9742.67,1637745845000
Babbleset,Teal,7726.13,1635985002000
Flowdesk,Vinyl,7291.03,1658045544000
Quimm,Vinyl,2276.36,1645970752000
Tres-Zap,China,7860.4,1649752863000
Sub-Ex,Stone,5739.52,1619380354000
Hatity,China,9878.31,1633671943000
Hatity,Brass,8744.43,1649589477000
Sentra,Teal,5514.83,1622641973000
Zoomcast,Glass,2766.0,1638317191000
Kazio,Maroon,4965.9,1621092314000
Divape,Red,1387.36,1632842304000
Muxo,Orange,7489.98,1623845853000
Meezzy,Plastic,3254.98,1641607569000
Jaxnation,Philippines,6987.75,1642417307000
Meembee,Turquoise,1797.4,1637633252000
Thoughtbeat,Ecuador,1483.03,1642160881000
Konklab,Granite,1741.18,1641000267000
Youtags,Brass,4309.6,1655684464000
Summit,Vinyl,1431.89,1648493480000
SL-Class,Orange,2349.86,1624250548000
Stim,Plexiglass,4682.35,1633870724000
Yakijo,Plastic,1622.72,1622109821000
Tin,Orange,1983.05,1652265176000
Suburban 1500,Granite,1975.71,1645040569000
Youbridge,Violet,440.21,1624367192000
Abatz,Czech Republic,160.85,1656213744000
MDX,Portugal,3135.65,1632350873000
Vinder,Mauv,8750.92,1645694104000
Duobam,Purple,7422.35,1643817261000
Bitwolf,Mauv,3918.98,1637682623000
Aerified,Wood,3594.23,1627343822000
Tresom,Green,3591.32,1637388999000
Escape,Green,2191.05,1635824443000
C70,Vinyl,9110.36,1654588640000
Flipstorm,Steel,8052.74,1629059202000
Quire,Steel,9567.13,1643448692000
Zathin,Blue,6845.25,1636103700000
LiveZ,Violet,4260.27,1646162243000
Stronghold,Plastic,9444.4,1630622112000
Yata,Green,7334.79,1625772885000
Gabtype,Crimson,6303.34,1653037240000
Q7,Aquamarine,5809.48,1654638084000
It,Philippines,3800.02,1645147549000
Stim,Stone,4812.38,1662648707000
Mynte,Maroon,6424.59,1625617895000
Thoughtbeat,Turquoise,7014.37,1622426323000
Andalax,Mauv,4025.65,1624187150000
Keylex,Red,9077.8,1654618678000
Jabberbean,Green,4081.71,1620287261000
Linkbuzz,Green,7146.16,1617798435000
Mat Lam Tam,Aquamarine,5209.19,1652721346000
Cardify,Orange,7893.22,1622155454000
Pathfinder,Glass,9291.73,1651591372000
Cookley,Vinyl,9776.5,1661466284000
Blognation,Steel,5869.93,1636204005000
Ram 2500,Maroon,6519.79,1642876752000
Alpha,Nepal,7817.58,1634156664000
Daewoo Magnus,Panama,8107.9,1644599479000
Kanlam,Rubber,5946.32,1642303030000
Zooxo,Blue,5761.3,1662940989000
XL-7,Wood,5360.79,1646046356000
Babbleopia,Granite,90.41,1644275518000
Npath,Vinyl,3779.25,1622822142000
Yodo,Steel,5980.1,1622148887000
Youtags,Rubber,8996.46,1633358025000
Bamity,Yellow,2347.22,1627773424000
TT,France,6440.57,1623697821000
New Beetle,South Korea,4830.58,1630208649000
RL,Plastic,5512.32,1643519344000
Magnum,Fuscia,6973.9,1629880859000
Rhybox,Orange,2518.78,1652107717000
Innotype,Yellow,6008.88,1647805977000
Pacifica,Russia,6474.44,1648624557000
Quinu,Blue,3821.05,1622324983000
Compass,Slovenia,9650.0,1621875940000
Kayveo,Israel,8190.69,1631698493000
Freestar,Plastic,922.15,1624498842000
Einti,Puce,9811.39,1625064384000
Edgeclub,Wood,6241.05,1645097834000
Kwilith,Plastic,3112.05,1657542475000
Jayo,Orange,9954.09,1659088342000
Gabcube,Indigo,1380.99,1655344702000
LeSabre,China,977.58,1629527707000
Feedmix,Plastic,6483.19,1656398398000
Namfix,Russia,2283.13,1657409981000
Konklux,Aluminum,7121.75,1627833609000
Redhold,Plastic,7609.86,1656752580000
Zontrax,Yellow,8274.01,1621797442000
Kazio,France,3896.64,1647868876000
Oyope,Russia,9040.89,1645910843000
Yadel,Ukraine,1571.74,1653270529000
Konklux,Yellow,7122.58,1632468186000
Kanlam,Aluminum,449.67,1645456619000
Quimba,Fuscia,9609.2,1646698786000
Voltsillam,Steel,3369.36,1653171383000
Zoozzy,China,6012.52,1628095551000
Caravan,Plastic,1121.52,1620071156000
Tres-Zap,Aquamarine,1693.06,1662171030000
Gabvine,Wood,6845.28,1632164647000
Subin,Aquamarine,1450.75,1626229382000
Vimbo,Blue,3312.86,1663324502000
Andalax,Steel,9650.78,1644839570000
Treeflex,Rubber,982.71,1648156935000
Safari,Vinyl,2571.27,1648201752000
Topdrive,Brass,4571.6,1643544700000
Cardguard,Khaki,3898.63,1649447939000
Voltsillam,Steel,9781.61,1659487979000
Skyndu,Vinyl,9441.91,1656331186000
Sonsing,Glass,7966.21,1652418099000
Camry,Turquoise,5388.02,1660870385000
Zamit,Puce,1546.32,1620172179000
Fixflex,Mauv,446.32,1653576958000
Bigtax,Steel,1070.7,1623569870000
Bigtax,Wood,103.27,1621136238000
Edgeblab,Syria,1691.02,1621455090000
Y-Solowarm,Rubber,2426.86,1649708968000
Twitterwire,Wood,1554.83,1661848090000
Matsoft,Glass,839.03,1630100475000
Regrant,Stone,3455.13,1626551634000
Spectra,Aquamarine,339.56,1630745371000
Realblab,Puce,1159.51,1639043639000
Eldorado,Green,6242.43,1626709047000
Plajo,Greece,3866.69,1634507315000
Latlux,Orange,9070.15,1643773655000
Sonsing,North Korea,876.63,1630583132000
Youspan,Blue,6507.56,1661474027000
GTI,Rubber,1100.63,1639831395000
Treeflex,Aquamarine,7025.02,1659357470000
Ntags,Granite,5617.7,1636979052000
Fixflex,Pink,2730.17,1628899423000
Mat Lam Tam,Blue,1977.81,1620761961000
Wikibox,Fuscia,8792.34,1624411621000
Skinte,Plastic,1415.78,1642373190000
Podcat,Russia,8262.34,1619286804000
Thoughtstorm,Orange,3160.77,1631632503000
Livetube,Steel,5978.9,1629505655000
Skyble,Pink,9808.1,1625924076000
Eayo,Stone,8860.44,1643728350000
Vagram,Vinyl,2218.63,1660621747000
Youtags,Green,3074.47,1639848593000
S4,Glass,2048.94,1638044184000
Dabfeed,Russia,3938.48,1647735556000
Flipstorm,Stone,2365.11,1660529354000
Vagram,Philippines,58.06,1630484984000
Y-Solowarm,Rubber,996.42,1634013067000
Avamba,Turquoise,3299.69,1640838521000
Lotlux,Goldenrod,2475.93,1620318551000
Skinder,Green,9306.26,1650462407000
Excursion,Khaki,4403.99,1647035662000
Voonte,Vinyl,3313.3,1621875740000
Zooxo,Stone,9206.75,1658742643000
Photobug,Mauv,8917.4,1641075464000
Jaxworks,Purple,8908.31,1621058820000
Trudoo,Plexiglass,4307.34,1647564252000
Skyvu,Cyprus,4117.47,1636441667000
Dazzlesphere,Vinyl,4819.27,1662595991000
Fixflex,Orange,7771.82,1632024056000
Voltsillam,Puce,1865.52,1622725840000
DabZ,Vinyl,4604.98,1640574594000
Zathin,Steel,8858.46,1618368501000
Patriot,Aluminum,1438.36,1655636777000
Duobam,Vinyl,3853.61,1632628014000
Thunderbird,Puce,2389.12,1639328628000
Avavee,El Salvador,9164.37,1628730133000
Wrapsafe,Indonesia,4063.73,1654891248000
XJ Series,China,2842.62,1661238990000
Bitwolf,Orange,1183.22,1626647691000
Voonder,Turquoise,7742.34,1626489733000
Wrapsafe,Brass,2606.39,1659509548000
Home Ing,Aluminum,1201.85,1657960952000
Vandura 3500,Puce,2987.51,1652959113000
Skyble,Teal,5536.57,1632915472000
Carens,Russia,1673.56,1651808018000
Y-find,Fuscia,1563.17,1617529217000
Job,Plexiglass,4630.73,1651601240000
Opela,Aluminum,9972.23,1636790508000
Redhold,Purple,7778.17,1633191793000
Biodex,Stone,2301.53,1633164561000
Thoughtstorm,Indigo,744.19,1624362847000
Rhyloo,Blue,789.01,1656908181000
Veribet,Brass,4183.5,1624982090000
Sigma,China,7971.18,1639303621000
Tres-Zap,Granite,847.38,1632939022000
Quinu,Plastic,1067.03,1629027995000
Skaboo,Violet,9631.34,1639623936000
Zontrax,Plastic,5635.24,1651723841000
Konklab,Russia,5092.65,1663926683000
Flowdesk,China,6464.53,1647593006000
Riffwire,Steel,2820.59,1628528905000
It,Purple,7281.11,1638482008000
Flowdesk,Turquoise,5454.5,1659422153000
Agivu,Vietnam,1523.13,1624134268000
Youtags,Pink,2088.68,1653318796000
Edgepulse,Plexiglass,1327.3,1649171932000
Zava,Rubber,8369.38,1629561944000
Yodoo,Steel,558.45,1655423332000
Babbleopia,Russia,5132.23,1664063990000
Zathin,Brass,7172.32,1619528605000
Tresom,Brass,4320.47,1643161036000
Fintone,Rubber,7094.27,1643305237000
Topdrive,Aluminum,1339.15,1630267117000
Savana 2500,Rubber,9464.78,1663334272000
Zoonoodle,Brass,5711.39,1651610575000
C-Class,Argentina,9616.06,1629500143000
Sonsing,Khaki,2858.1,1657832651000
X5,Teal,9499.84,1630010985000
Gembucket,Red,352.87,1642754297000
5 Series,Stone,3297.34,1662709485000
Mat Lam Tam,Crimson,1313.1,1632147414000
Meemm,Vinyl,8233.64,1630313743000
Twitternation,Armenia,934.99,1642284220000
Temp,Pink,5919.7,1629758357000
Kazu,Plastic,4898.43,1642392208000
Fintone,Pink,7463.64,1647282640000
Holdlamis,Brass,6140.13,1641002173000
Yabox,Colombia,1488.4,1634555046000
Latlux,Khaki,6162.98,1630542243000
Lotstring,Aluminum,5994.27,1651811917000
Skyble,Germany,2133.76,1638772843000
Ntag,Stone,9923.32,1654617428000
Aibox,Plexiglass,3784.13,1622813357000
Forester,Pink,2574.25,1636241226000
Divavu,Granite,2934.23,1636781832000
Ventosanzap,Turquoise,1588.88,1641879550000
Trilith,Turquoise,5910.86,1643508785000
Katz,Glass,4418.46,1645938667000
Home Ing,Rubber,1841.04,1646150783000
Y-Solowarm,Granite,4862.33,1658468328000
Browsetype,Aquamarine,6651.09,1655108210000
Zoolab,Wood,6245.07,1639128861000
Wrapsafe,South Africa,8642.17,1624862027000
Y-Solowarm,Aluminum,9182.04,1637571343000
Quamba,Maroon,8520.48,1630657440000
Quo Lux,Philippines,174.47,1617721155000
Flashset,Aluminum,975.73,1618904546000
Wikido,Stone,1036.01,1627195866000
Bigtax,Orange,2739.39,1635089947000
Youspan,Wood,1603.06,1662835425000
Greenlam,Colombia,2469.85,1620281170000
Kanlam,Indonesia,3867.74,1632677455000
Sonoma Club Coupe,Wood,8498.68,1640145868000
Stealth,Vinyl,2172.57,1637931155000
Skynoodle,Teal,5620.56,1663579996000
Babblestorm,Poland,3635.98,1639066985000
Bitchip,Yellow,1304.9,1644264963000
Kanlam,Wood,9001.79,1633690321000
Youfeed,Brass,7911.88,1625443521000
Bamity,China,6978.89,1624176909000
Bitwolf,Rubber,6762.88,1662387908000